Name,Contentid
咪咕3K,3000000010000015686
咪咕4K,3000000010000005180
咪咕全民热练,3000000020000031315
咪咕全民热练,2000000003000000068
咪咕全民热练,1000000006000270007
咪咕视频,3000000010000031669
咪咕视频,3000000001000005308
咪咕视频,3000000001000005969
咪咕视频,3000000001000007218
咪咕视频,3000000001000008001
咪咕视频,3000000001000008176
咪咕视频,3000000001000008379
咪咕视频,3000000001000010129
咪咕视频,3000000001000010948
咪咕视频,3000000001000028638
咪咕视频,3000000001000031494
咪咕视频,3000000010000005837
咪咕视频,3000000020000011518
咪咕视频,3000000020000011519
咪咕视频,3000000020000011520
咪咕视频,3000000020000011521
咪咕视频,3000000020000011522
咪咕视频,3000000020000011523
咪咕视频,3000000020000011524
咪咕视频,3000000020000011525
咪咕视频,3000000020000011526
咪咕视频,3000000020000011527
咪咕视频,3000000020000011528
咪咕视频,3000000020000011529
咪咕视频,3000000020000011530
咪咕视频,3000000020000011531
咪咕视频,3000000020000021510
咪咕视频,3000000020000021511
咪咕视频,2000000003000000060
咪咕视频,2000000003000000061
咪咕视频,2000000003000000062
咪咕视频,2000000003000000063
咪咕视频,2000000003000000064
咪咕视频,2000000003000000065
咪咕视频,1000000006000270001
咪咕视频,1000000006000270002
咪咕视频,1000000006000270003
咪咕视频,1000000006000270004
咪咕视频,1000000006000270005
咪咕视频,1000000006000270006
咪咕视频,3000000001000026778
咪咕视频,3000000010000000097
咪咕视频,3000000010000002019
咪咕视频,3000000010000002032
咪咕视频,3000000010000002809
咪咕视频,3000000010000003915
咪咕视频,3000000010000004193
咪咕视频,3000000010000004464
咪咕视频,3000000010000006077
咪咕视频,3000000010000006658
咪咕视频,3000000010000006944
咪咕视频,3000000010000007692
咪咕视频,3000000010000009788
咪咕视频,3000000010000010833
咪咕视频,3000000010000011112
咪咕视频,3000000010000011297
咪咕视频,3000000010000011518
咪咕视频,3000000010000011763
咪咕视频,3000000010000011873
咪咕视频,3000000010000012398
咪咕视频,3000000010000012450
咪咕视频,3000000010000012558
咪咕视频,3000000010000012616
咪咕视频,3000000010000015470
咪咕视频,3000000010000015560
咪咕视频,3000000010000017389
咪咕视频,3000000010000017678
咪咕视频,3000000010000017997
咪咕视频,3000000010000019380
咪咕视频,3000000010000019839
咪咕视频,3000000010000020168
咪咕视频,3000000010000021904
咪咕视频,3000000010000023434
咪咕视频,3000000010000024205
咪咕视频,3000000010000024691
咪咕视频,3000000010000025380
咪咕视频,3000000010000025943
咪咕视频,3000000010000027318
咪咕视频,3000000010000027638
咪咕视频,3000000010000027691
咪咕视频,3000000010000032106
